"ID","severity","status","area","architecture_citation","code_location","reproduction","expected","actual","consequence","determinism","minimal_remediation_requirement","required_regression"
"RA5-001","BLOCKER","OPEN (new; blocks G2R/G3, not G2)","E/H/I + D13 convergence","§15 D13 (every failure path => no usable observation + durable coverage record), F-13/F-14/F-20/F-38; §11.1 (parser is pure, ParsedResponse); §14.4 (completed-without-normalized resumes deterministically); §17 parser PURE; §18 PIT-09, EV-07; §16.5 AC-1/AC-2","adapters/src/genesis_adapters/oddspapi/parser.py:201-204 (decimal_text), :250-264 (_comparable), :527-532 (_participant -> ids.native_id, ids.py:57-58); jsonstrict.py:46-64 (no nesting bound); frozen src/genesis/repro.py:25-29 (canonical_json UTF-8 encode); oddspapi/pipeline.py:133-141 and :162-185 (normalize/resume have no total boundary); oddspapi/acquisition.py:841-905 (_complete writes the success verdict before parse); oddspapi/quiescence.py:89-111 (pending_work has no terminal state)","probes/p118_poison3.py (pipeline), p112/p113 (trace), p115_minimize.py + p116_fuzz2.py (10,000-iteration fuzz, 3 classes), p124_deep.py (4th class), p120_which_fields.py (212/1134 leaf fields reachable), p119b_no_remedy.py (no operator remedy). Minimal triggers on the base ODDS fixture: (A) outcome player 'changedAt': 1E+999999999 -> decimal.Overflow; (B) player 'active': '\ud800' (lone surrogate) -> UnicodeEncodeError; (C) 'participant1Id': <70-digit int> -> IdentityTypeError; (D) 'betslip': 600 nested arrays -> RecursionError. Transcripts: evidence/p118_poison3.txt etc.","Each response yields a defined outcome (REJECTED/BLOCKED with coverage) recorded durably BEFORE completion; restart converges; a later healthy capture makes the reader usable again.","rt.acquire() raises the raw exception after acq_completed(RESPONSE,200,failure=None,raw stored). Every later resume() / `cli run --mode G2R` start raises the same exception; pending_work() lists 'a successful ODDS capture is not normalized yet' forever, so the reader returns DATA_CAPABILITY_NOT_READY even after later healthy captures; operator `reset` (rc 0) changes nothing; no CLI path quarantines a capture.","One schema-valid HTTP-200 body (provider fault or active MITM) permanently disables normalization, restart and every PAPER read of the adapter. Fail-closed (no unsafe datum, no secret leak, no quota breach) but unrecoverable without a code change; defeats the R3/R4 restart-convergence claims; makes G3 AC-1/AC-2 unattainable for an unattended 35-day G2R run. G2 (raw only) unaffected.","100% deterministic; 4/4 classes reproduced on Linux/CPython 3.11 (Decimal/recursion semantics identical on 3.12)","Make parse_odds_response + build_documents total: every Exception/RecursionError from provider content becomes a taxonomy outcome (SCHEMA_REJECTED/PARTICIPANT_AMBIGUOUS/NOT_JSON...) recorded in the acq_completed.failure verdict BEFORE that row is written (HA-04 mechanism: run the parse in the content-check stage so successful_capture() is false); add policy-digested nesting-depth and numeric-exponent bounds; give pending_work a terminal durable state for an unparseable capture (or a durable halt that `reset` clears).","RED-first: (a) the four minimal repros at parser level AND end to end acquire->resume->reader (defined outcome, no exception, pending_work()==(), later healthy capture usable); (b) seeded property/fuzz test over every leaf of the ODDS fixture with the hostile literal pool of p116_fuzz2.py => zero escaping exceptions; (c) same fuzz for build_fixture_snapshot (currently clean)."
"RA5-002","MEDIUM","OPEN (new)","A/B header handling","§6.1 / CLK-04 (in live mode a missing or unparseable Date header quarantines); §15 F-12 (CLOCK_SKEW), D13","adapters/src/genesis_adapters/oddspapi/raw_capture.py:97-106 (parse_http_date except tuple omits OverflowError), :268-276 (_skew_failure), called from acquisition.py:877 before the acq_completed row","probes/p122_headers.py (fuzz: only 'Mon, 01 Jan 99999999999 00:00:00 GMT' escapes), probes/p123_date_overflow.py (pipeline)","Unparseable Date => verdict CLOCK_SKEW, quarantine, sends suspended until next UTC day + clean Date check.","OverflowError escapes validate() after the raw evidence object was published and before acq_completed; acquire() raises; durable rows stop at acq_sent; restart reconciles ORPHANED_RESERVATION/MAY_HAVE_BEEN_SENT.","A provider can crash the runner on every response (one Genesis debit and the response lost each time, 7/day cap burned) with a 40-byte header. No permanent wedge once the provider stops.","100%","Catch ArithmeticError (or any Exception) in parse_http_date and treat the header as unparseable => CLOCK_SKEW; keep validate() total.","Date-header fuzz (huge year, NUL, non-ASCII, 5000 digits, out-of-range offsets) => CLOCK_SKEW quarantine, no exception, acq_completed recorded."
"RA5-003","MEDIUM","OPEN (residual of HA-13 / P:HA-006, re-graded)","M TLS test material / production seams","§7.6 transport hygiene (TLS uses the system trust store and is never disabled); D15; §16.2 G1 (credential storage); deviation 24","adapters/src/genesis_adapters/oddspapi/transport_http.py:135-141 (ssl.create_default_context honours SSL_CERT_FILE/SSL_CERT_DIR); adapters/adapter_tests/fixtures/tls/{server.key,server.pem,test-ca.pem}; adapters/.gitattributes:4 (export-ignore)","probes/p70_tls_env.py: with only SSL_CERT_FILE=<repo>/adapters/adapter_tests/fixtures/tls/test-ca.pem in the environment, the UNMODIFIED production tls_context() completes a handshake with the committed leaf (SAN api.oddspapi.io) and the keyed request line (apiKey=...) reaches the server; control without the variable: NO_RESPONSE. `openssl x509`: CA unconstrained, valid 2026-2046; leaf private key committed.","No test certificate/key can create a production trust bypass; release exclusion is enforced, not documented.","No CLI option or production import references the material (HA-13 fix), but the environment redirects the production trust store to the committed CA; the leaf private key for the production host name is public in the repository and history; export-ignore protects only `git archive`; no packaging/release check exists.","Credential-theft primitive: anyone with the repository can impersonate api.oddspapi.io to a runner whose environment (or trust store) includes the test CA, and receives the apiKey query parameter. Requires environment/trust-store control, hence MEDIUM.","100%","Live CLI refuses to run when SSL_CERT_FILE/SSL_CERT_DIR (and other trust-store overrides) are set, or tls_context() loads the system store without environment overrides; do not commit a private key whose certificate names the production host (generate the loopback CA/leaf at test time, non-production SAN + explicit server_hostname, or constrain/shorten the CA and drop the leaf key); enforce release exclusion with a test.","p70 scenario ends in refusal/SSLCertVerificationError; test fails if any private-key block exists under adapters/ or if fixtures/tls/** is reachable from a built archive/distribution."
"RA5-004","MEDIUM","OPEN (new)","B hard deadline","§14.6 rule 3 (hard transport deadline for the whole attempt: connect, TLS, write, response read; at the deadline the connection is aborted and the attempt records NO_RESPONSE/TRUNCATED); BND-04","adapters/src/genesis_adapters/oddspapi/transport_http.py:77-81 (read_chunk -> response.read(size) blocks until size bytes), :217-225 (loop re-arms the socket timeout per call, not per recv)","probes/p11_slowdrip.py: real loopback TLS server drips a 59-byte Content-Length body at 0.7 s/byte; deadline 3 s -> send() returned after 40.62 s with outcome RESPONSE and T1 37 s after the deadline. probes/p10_deadline.py shows the fake-connection cases (a-g) the existing tests cover.","Attempt aborted at Tq+request_timeout_seconds regardless of how the peer paces bytes.","Each recv gets a fresh timeout, so a peer sending one byte per (timeout-eps) extends the exchange indefinitely (bounded only by max_response_bytes). The runner later discards the late body (DeadlineExceeded) but only after the single writer, holding the run lock, was held.","Availability/hang by a slow or hostile provider; accounting window attribution is NOT affected (the request was written before the deadline). Mutants M03/M04 (connect/read deadline branches removed) survive the suite: BND-04 uses fakes, not a socket.","100% (timing-based; margin 13x)","Enforce an absolute bound on every read (select/non-blocking reads recomputing the remaining time per read, or a watchdog that closes the socket at the deadline).","Real-socket slow-drip test: total body time > deadline => send() returns by deadline+epsilon with NO_RESPONSE/TRUNCATED, never RESPONSE; kills mutants M03/M04."
"RA5-005","LOW","OPEN (new)","B clocks","§15 F-03 (ClockFault: acquisition row + halt), §6.4 (T1<=T0 / quota time regression => ClockFault: runner halts)","adapters/src/genesis_adapters/oddspapi/acquisition.py:743 (now = self._stamp() after quota.reserve) and :767 (t0 = self._stamp() in _send) - the only unguarded clock reads","probes/p12_runner_deadline.py section 3: a clock raising ClockFault on its 3rd or 4th read leaves a RAW ClockFault escaping acquire(); reads 2,5,6 give AcquisitionHalt('CLOCK_FAULT') with acq_halted","Every clock fault inside an attempt yields the durable CLOCK_FAULT halt.","Raw ClockFault propagates; rows stop at acq_planned (debit present in the quota ledger, no acq_quota_decided) or acq_quota_decided; no acq_halted row. Restart reconciles an orphan. Nothing is sent.","Safe (no send) but inconsistent with the other windows and with F-03; the process dies instead of halting durably.","100%","Guard the two reads like the first (record halt, raise AcquisitionHalt).","Clock raising on every read index of an attempt => AcquisitionHalt(CLOCK_FAULT) with a durable acq_halted row, no send."
"RA5-006","LOW","OPEN (new)","identity / request grammar","§8.1 native ID grammar ^[A-Za-z0-9_.:-]{1,64}$ (no coercion); §7.3 rule 3 (str values match the same grammar)","adapters/src/genesis_adapters/ids.py:11,57; oddspapi/maps.py:26-29,68,235,288; oddspapi/endpoints.py:31-33; schema.py:20,199; oddspapi/invalidation.py:36; config.py:23-24 ($-anchored patterns used with .match)","probes/p110_regex_nl.py: native_id('abc\n') ACCEPTED; build_request(bookmaker=['pinnacle\n']) ACCEPTED with a distinct request hash","Trailing newline is outside the grammar and rejected.","Python '$' matches before a trailing LF, so such values are accepted; a provider fixtureId 'id1\n' becomes a distinct event from 'id1'.","Grammar violation; possible duplicate identities for one real entity under a faulty/hostile provider; no injection (the transport percent-encodes).","100%","Use fullmatch/\Z in every such grammar (transport.py already does).","native_id and build_request reject values with a trailing LF/CRLF in every grammar."
"RA5-007","LOW","OPEN (new)","A secret detection","§7.6 (credential safety dominates raw retention; every received byte scanned); R2/HA-07 reasoning (Latin-1 octets)","adapters/src/genesis_adapters/oddspapi/raw_capture.py:236-241 (body scan has no Latin-1/mojibake views; header path has header_octet_forms); adapters/src/genesis_adapters/secrets.py:35-49 (Secret accepts any non-control Unicode)","probes/p53_nonascii.py: with a 32-letter Latin-1 credential, a body echoing the key as Latin-1 bytes or as UTF-8-read-as-Latin-1 mojibake is STORED as raw evidence (verdicts INVALID_UTF8 / NOT_JSON); UTF-8, JSON-\u and header echoes are caught","No form of the credential (including those the header path already screens) is durable.","Body path lacks the views; key persisted in raw evidence (the later runtime sweep would find it, after persistence).","Hypothetical: real API keys are ASCII, where fragment/raw forms catch everything. Becomes real only for a non-ASCII credential.","100%","Restrict the credential grammar to printable ASCII at load (preferred) or scan Latin-1/mojibake views of bodies as for headers.","Non-ASCII credential refused at load, or echo in Latin-1/mojibake body form => SECRET_ECHO, nothing durable."
"RA5-008","LOW","OPEN (new)","L fixed limits","§8.4 / MKT-02 (operational policy validator rejects more than 3 declared bookmakers); task area L (config must not silently widen authority)","adapters/src/genesis_adapters/config.py:82,110 (declared_bookmakers_max: any int >= 1); oddspapi/maps.py:334-358","probes/p60_operator.py L5: policy file with declared_bookmakers_max=50 loads in the operational loader","Architecture-fixed cap of 3 enforced in code outside test policies.","Cap is a free policy field; mitigated because policy_digest/derivation_version change forces a new G2R pin (not silent), and G2 pins request hashes.","A reviewed config commit can widen an architecture-fixed constant without an architecture change.","100%","Reject declared_bookmakers_max > 3 (and kind != fixed_odds_sportsbook) in the operational loader.","Policy with declared_bookmakers_max: 4+ refused by the operational loader."
"RA5-009","LOW","OPEN (new)","H derivation verification","§11.3 (normalized observation upstream_version = v4, content_type = application/json); §11.5 (a failure never passes by omission)","adapters/src/genesis_adapters/oddspapi/derivation.py:218-228 (compared tuple omits upstream_version, content_type, availability_class/licensing_note are covered only by the reader)","probes/p90_derivation.py: an observation with upstream_version='v5' or content_type='application/x-evil' and identical bytes passes verify_derivation; retrieved_at/valid_to/valid_to-removed/publisher_timestamp changes fail","Every §11.3 field the architecture fixes is verified.","Two fields pass by omission.","No admissibility effect today (the reader requires exactly one observation per artifact), but the verifier is not total over §11.3.","100%","Add the two fields to the compared tuple.","Altered upstream_version/content_type observation rejected by verify_derivation."
"RA5-010","LOW","OPEN (authority ambiguity; deviation 10)","I completeness","§12.4 / §15 F-15 (partial: provider completeness flag or a required list missing for part of the scope => no tombstones), F-30","adapters/src/genesis_adapters/oddspapi/parser.py:411-424 (partial = hint | missing required | omitted requested competition); pipeline passes complete_hint=True (derivation.py:156)","probes/p30_completeness.py V4: base capture has 3 fixtures (2 in tournament 8); second capture returns one of them => 6 ABSENT tombstones; V5 (tournament present but empty) => ABSENT (proven by design); V1/V2/V6 (omitted/all omitted/wrong sport) => none","No ABSENT tombstone from unproven provider omission.","Unproven at fixture/bookmaker granularity inside a present tournament still yields ABSENT (a never-expiring head that blocks older prices until a newer capture).","Fail-safe for usability but a permanent false PIT claim until superseded; authority-conformant (F-30) only if G2 shows the provider returns every fixture of a requested tournament.","100%","Obtain a provider completeness signal at G2 or extend the unproven-omission rule; record the decision in the G2 report.","Omitted fixture inside a present tournament => no ABSENT tombstone (or documented G2 evidence that the provider guarantees completeness)."
"RA5-011","LOW","OPEN (new)","C quota divergence","§14.2 (provider-reported usage > Genesis debit => halt QUOTA_DIVERGENCE); §15 F-37; §21 A12","adapters/src/genesis_adapters/oddspapi/acquisition.py:907-918 (_provider_usage: reported = int(text) only for ASCII digits, else None)","probes/p150_usage.py: x-requests-used '99999' halts; '1e5','99,999','-5',full-width digits,'99999 units','0x1869F' => reported=null, response accepted","A present usage header that cannot be read is treated as uncertainty, not as absence.","Silently ignored (fail-open).","Divergence evidence can be missed if the provider formats the counter unexpectedly; header semantics are provisional until G2.","100%","Treat present-but-unparseable as QUOTA_DIVERGENCE-class uncertainty (halt/quarantine) or record and alert.","Malformed usage header values => halt/quarantine, not acceptance."
"RA5-012","LOW","OPEN (test quality)","Q mutation / test quality","§19 global GREEN criteria; hostile-review standard (AC-9)","adapters/adapter_tests/test_v05_boundary.py, test_v05_transport_http.py, test_v05_secret*.py, test_v05_derivation_source.py, test_v05_authority.py; adapters/evidence/FINAL/MUTATION_R3.txt ('verify accepts a scope not pinned before the send' labelled equivalent)","probes/mutate.py + mutants.json / mutants_round2.json (51 independent single-line mutants of safety branches; evidence/mutation_results_round1.jsonl, _round2.jsonl; control M00 survives as required). 37 killed, 14 survived: M03, M04, M07, M08, M09 (transport/runner deadline branches), M22 (exact-size body), M26 (double-encoded percent decode), M27 (JSON \/ escape), M28 (base64 core minimum), M30 (0400 key file accepted), M35 (gate validity end), M37 (valid_to not compared by verify_derivation), M40 (quarantine-metadata re-scan; probably equivalent), M46 (duplicate request hashes in a G2 record). Non-equivalence PROVEN by running the same probe on a pristine and on a mutated tree: M26 (p55_secret_form_only: pristine halts, mutant persists the double-encoded echo as raw evidence; evidence/p55_secret_form_only.txt vs ..._MUTANT_M26.txt), M37 (p90_derivation: pristine rejects altered valid_to, mutant passes; evidence/p90_derivation.txt vs ..._MUTANT_M37.txt), M08 (p12_runner_deadline: pristine discards T1>=deadline, mutant returns RESPONSE; evidence/p12_runner_deadline.txt vs ..._MUTANT_M08.txt), and the R3 'equivalent' survivor (p160_equiv_mutant: pristine REJECTS a document derived under an unpinned scope, mutant ACCEPTS it; evidence/p160_equiv_mutant.txt vs p160_equiv_mutant_MUTATED.txt)","Every safety branch is pinned by a test; an 'equivalent' claim holds for all inputs through the public API.","The late-response deadline guard, the exact-deadline equality at the runner, the double-encoded-percent and JSON-slash detectors (masked in SEC-01 by the fragment detector for ordinary keys), verify_derivation's valid_to comparison and the unpinned-scope rejection have no test; the implementer's 128 mutants cover only R1-R5 deltas and all use module-restricted test runs written to kill them. One mutant of mine (M18) was killed only by the FRZ-10 literal scan (redone as M38, killed behaviourally).","Silent regression risk on exactly the classes the task singles out (hard deadline, secret forms, verification by omission); current behaviour is correct for all of them (verified directly).","100%","Add the missing negative tests (late response at T1 == deadline and +1us; runner T0 == deadline; real-socket read deadline; credential made only of percent-encodable characters echoed double-encoded and with escaped slashes; altered observation valid_to; document derived under an unpinned scope; 0400 key file; gate validity end inclusive; duplicate G2 hashes) and withdraw the 'equivalent' label.","Mutants M03,M04,M07,M08,M09,M22,M26,M27,M28,M30,M35,M37,M46 and the R3 survivor all killed; M40 either killed or documented as equivalent with proof."
"RA5-013","LOW","OPEN (test portability)","N / test quality","§19 (suite GREEN criterion on the implementation platform); deviation 16","adapters/adapter_tests/test_v05_credential.py:112-121 (mock.patch('genesis_adapters.credential.os.lstat') patches the global os.lstat)","python -B -m unittest discover -s adapters/adapter_tests -t adapters on Linux/CPython 3.11: 690 run, 1 ERROR 'OSError: [Errno 22] Invalid argument: /tmp' in CredentialSource.__init__ -> Path.resolve() (evidence/adapter_suite_linux.txt)","Test named '...on_every_platform' runs on every platform.","Errors on POSIX/3.11 because posixpath.realpath uses os.lstat; the branch is covered on POSIX only by the real-symlink test.","The advertised '690 OK, 1 skip' is Windows-only; a Linux CI would be red.","100%","Patch lstat only for the credential path (e.g. wrap with a side_effect that delegates other paths).","Suite green on Linux/CPython 3.11."
"RA5-014","INFO","OPEN","Q static scanners","§18 FRZ-05/06/07/08/10/11","adapters/adapter_tests/static_scan.py","probes/p100_static_evasion.py: not flagged - alias of BaseException, tuple-variable handler, `from contextlib import suppress as s`, suppress(*tuple), signal.signal(SIGINT,SIG_IGN), __import__('socket'), importlib.import_module('ssl'), asyncio/ftplib/smtplib/xmlrpc/socketserver, getattr(...,'reveal_for_transport'), getattr(BudgetClass,'RESERVE'), sleep(2+3), 0x1c, 60*60. Current production code contains none of these (grep verified).","Scanners are a hard boundary.","Syntactic lint; evadable.","Regression guard only; not a defence against hostile edits.","100%","Document as lint, or add resolution of aliases/dynamic access.","Evasion corpus added to the scanner tests."
"RA5-015","INFO","OPEN (authority ambiguity)","B timing evidence","§6.2 (T0 = immediately before the first request byte is written; persisted in acquisition row and normalized doc); 11.1; R2 authority note","adapters/src/genesis_adapters/oddspapi/acquisition.py:767-771 (acq_sent.T0 is the write-ahead reading); derivation.py:150 (request_started_at = sent['T0'])","code read; probes/p10_deadline.py shows the transport's own T0 is checked < deadline but not persisted","Durable evidence that the first request byte was written before the deadline.","Durable T0 is the pre-connect reading; the true write-boundary T0 is checked and discarded.","Post-hoc audit of the hard deadline relies on the in-memory check; documents' request_started_at precedes connect/TLS.","n/a","Ratify by ADR or persist the transport's write-boundary T0 in the completed row.","n/a (ADR) or completed row carries the write-boundary T0."
"RA5-016","INFO","OPEN (authority ambiguity; deviation 13)","K halt/reset","§4 / §16.6 (operator commands: run/verify/plan/approve)","adapters/src/genesis_adapters/cli.py:346-379","probes/p61_reset.py","Operator authorities enumerated in an ADR.","`reset` clears any non-security halt (QUOTA_DIVERGENCE, EVIDENCE_CONFLICT, CONFIG_DIGEST_MISMATCH, CLOCK_FAULT ...) with only the typed phrase and an adr:/signed-tag:/pr-approval:/https:// prefixed string; SECRET_ECHO and AUTH_REJECTED are correctly gated (verified).","Unlisted human authority surface; honest limit §16.6.","n/a","ADR ratification.","n/a"
"RA5-017","INFO","OPEN (taxonomy gap; separate from implementation defects)","F-44","§15 (no row for non-conflict raw-publication I/O failure); D13","adapters/src/genesis_adapters/oddspapi/acquisition.py:857-868 (CaptureConflict only)","probes/p95_f44.py; full analysis in F44_ASSESSMENT.md","n/a (architecture silent)","Safe: OSError propagates, orphan after restart, no resend, no usable observation; diagnostics (response received, usage header, cause) are lost.","Diagnostic durability only.","100%","Not required before G2; recommended before G2R/G3 as one durable completed{failure} verdict shared with RA5-001.","Injected ENOSPC => durable completed row with failure + coverage, restart converges, no resend."
"RA5-018","INFO","OPEN (external certification condition)","N Windows","task area N; adapters/evidence/R1/F04_REAL_SYMLINK_RECIPE.md","adapters/src/genesis_adapters/credential.py:36-52,82-90","n/a - this host is Linux; see WINDOWS_GAPS.md","Real NTFS symlink/junction/ACL behaviour certified on Windows.","Never executed on Windows (WinError 1314 on the implementing host).","REAL WINDOWS SYMLINK CERTIFICATION STILL OPEN.","n/a","Run the recipe and the WINDOWS_GAPS.md section 4 checklist on a qualifying Windows host.","Real-symlink test passes (not skips) on Windows at the final remediated commit."
"RA5-019","INFO","OPEN (design note)","G invalidation","§13.2 (automatic invalidation after a failed verify_derivation of a head)","adapters/src/genesis_adapters/oddspapi/emit.py:629-646 (invalidate_if_underivable catches Exception), pipeline.py:190-200","code read","n/a","A read (reader.head with the production verifier) appends a permanent ADAPTER_AUTOMATIC invalidation when verification raises twice, for any exception class including persistent I/O errors.","Fail-safe but irreversible until a newer capture; a persistent environment fault (permissions, sharing violation) invalidates good heads.","n/a","Consider distinguishing DerivationError from environmental errors before invalidating.","n/a"
