"ID","severity","status","architecture_citation","code_location","reproduction","expected","actual","consequence","minimal_remediation","required_regression"
"RA-000","BLOCKER","OPEN (reproduced)","c8dfafd §16.5 AC-9 (independent hostile review of the adapter branch); §11.5 'a failure never passes by omission' (doctrine); §19 global GREEN criteria 1-7 (evidence for every stage); §2.1.1-2 (history and tree identity are verified on Git objects)","Candidate b22263e and predecessor cfcff3dbb285eaa48a6cfc1eceedb91e27662c81 (and stage commits 63e06a1..9c35c5c) exist only on the Windows host (C:\Users\abbot\fz\g). The remediation report, the controlling cfcff3d audit, the independent oracle directory and the Expedition C material are local files on that host.","git ls-remote origin (no ref); git fetch origin cfcff3dbb285eaa48a6cfc1eceedb91e27662c81 -> 'upload-pack: not our ref' (exit 128); git rev-parse --verify b22263e^{commit} -> absent; GitHub API get_commit b22263e / cfcff3d -> 'No commit found'; list_pull_requests -> []; python reaudit/run_reaudit.py --repo . --candidate b22263e -> R00 CANNOT_RUN, exit 2 (evidence/pin_transcript.txt, evidence/driver_b22263e/)","the exact candidate is reachable by commit SHA to an independent auditor, with the controlling audit package and the remediation report it answers","unreachable from this re-audit environment by every available route (Git, GitHub API, PRs, connected Drive)","No property of b22263e (safety, PIT, evidence, credential, quota, timing, crash/recovery) could be tested. Every remediation claim is unverified. Certification cannot pass by omission.","Human owner pushes the candidate branch (b22263e with its ancestry through cfcff3d and 63e06a1..9c35c5c) to origin, and commits the controlling audit package (hostile_audit_cfcff3d/ with its 17 probes), the oracle and the remediation report on a branch (or attaches them). Then run reaudit/run_all.sh, alone on a host.","git fetch origin <full b22263e SHA> succeeds; run_reaudit.py R00 PASS; run_all.sh completes with every step's output hashed in RESULTS_MANIFEST.sha256"
"RA-001","MEDIUM","OPEN - CERTIFICATION GAP (blocks GREEN); HA-004 carried","c8dfafd §7.5 ('Anything else is refused'; Windows ACL grants only the runner user); §16.2 G1 prerequisite 'GREEN secret-handling suite'; §19 'Adapter suite fully GREEN'; D15","credential loader symlink branch (cfcff3d: adapters/src/genesis_adapters/credential.py:72-88, lstat S_ISLNK refusal); b22263e location unverified","Per the implementer's own report, the adapter suite at b22263e has '1 real-symlink skip'. On cfcff3d, 37b86fb a11: os.symlink -> winerror 1314 -> NOT RUN.","a real file symbolic link at the credential path is refused on the deployment platform (Windows), demonstrated by an executed test","only a simulated lstat; the real-link test skips on this account","A simulated lstat cannot detect resolve-before-lstat ordering, Windows reparse-tag semantics, or check-to-read identity. A real symlink could be accepted while the unit test passes (SYMLINK_GAP_ASSESSMENT §2).","No code change presumed. One privileged Windows run (Developer Mode / elevated) of a11 plus the candidate's own skipped test, executed (not skipped). A Linux real-symlink run as an extra check. Outputs committed under adapters/evidence/.","a11 'a real file symbolic link -> refused' PASS on Windows with privilege; the candidate's real-symlink test executes and passes; directory-symlink-in-ancestor and swap-between-check-and-read cases added"
"RA-002","MEDIUM","OPEN - F-44 REQUIRED BEFORE G2 (conditional; see F44_ASSESSMENT §3)","c8dfafd §11.1 (raw publish precedes skew/status checks), §14.3 (401/403 circuit + G1 re-check; 429 circuit), §6.1/§14.6 rule 5 (CLOCK_SKEW suspension), §14.2/F-37 (QUOTA_DIVERGENCE), D13; §15 has no row for a raw-publication OSError","cfcff3d: raw_capture.py:230-238 (catches only ImmutableConflict/RegistryConflict/ValueError), acquisition.py:680-692 (no completed row on OSError) per 37b86fb; b22263e unverified","python -B reaudit/probes/p23_f44_protective_halts.py --repo <b22263e>: OSError(ENOSPC) injected into the raw publish of a 401 / 403 / 429 / skewed-Date / usage-divergence response; restart; next acquisition","a protective reaction (circuit, suspension, halt) to a received response survives an I/O failure of the raw publish; a durable RAW_PUBLISH_FAILED record and halt","architecture-level: under the §11.1 order the reaction is decided after the publish, so on OSError nothing records it (cfcff3d: orphan reconciliation only, no durable halt). Not executed on b22263e.","Live only (G2 onward): a restarted runner may resend with a provider-rejected key, into a rate limit, or under a broken skew bound; a G2 call's evidence is lost and mislabelled; repeated debit and send while the store stays broken (bounded by daily 7).","Human-written ADR adding F-44 / AdapterFailure.RAW_PUBLISH_FAILED -> MISSING_EVIDENCE; decide and append protective reactions from the scanned status and headers before the publish; on OSError append completed{failure} and acq_halted before re-raising (F44_ASSESSMENT §5)","p23 F1 PASS for all five responses; completed{failure: RAW_PUBLISH_FAILED} + acq_halted rows; restart does not reconcile as an orphan; crash matrix C02-C08 unchanged"
"RA-003","INFO","OPEN (procedural)","c8dfafd §16.5 AC-9; certification record integrity","origin branch ccr-c8695f69-sghhe5 @ 37b86fb (audit/v05_slice1_hostile) vs local C:\Users\abbot\a8\v05_prep\audit_oracle\hostile_audit_cfcff3d\","git show 37b86fb:audit/v05_slice1_hostile/FINDINGS.csv -> no BLOCKER (HA-013 MEDIUM highest); the request states the controlling cfcff3d audit had seven BLOCKERs and 17 repro probes","one controlling audit of cfcff3d, published, which every later re-audit closes against","two divergent audits of the same candidate; the one on origin is not the controlling one, and the controlling one is not published","The prior-finding closure matrix cannot use the controlling text. Finding semantics come only from the one-line descriptions in the request (PRIOR_FINDING_CLOSURE_MATRIX Part A).","Publish the controlling package. State in the certification record which audit is controlling, and why 37b86fb (session 0117YPVY) and the controlling audit differ.","n/a (record)"
"RA-004","INFO","OPEN (audit-coverage gap)","c8dfafd §14.6 rule 3 ('If T0 would be at or after the deadline, the request is not written. At the deadline the connection is aborted'), §6.2 (T0 immediately before the first request byte), BND-04","37b86fb attacks/a07_transport_time.py deadline(): only deadline_at == T0 at the start of send, and a slow body","read a07 deadline(); compare with probes/p20_deadline_stages.py (self-test evidence/selftest_p20.txt: CORRECT passes; GT, EARLY_T0, ZERO_TO, LATE_READ each fail)","the hard deadline is attacked at connect, write, read-head and read-body, at equality and +/-1 us; zero/None socket timeouts are rejected; T0 is placed after connect","never attacked by the origin-hosted package; the controlling audit's 'send at the hard deadline' BLOCKER class cannot be closed by a07 alone","A send-at-deadline defect of the kind 'refuse only if now > deadline', 'T0 read before connect' or 'settimeout(0) is non-blocking, not refuse' would pass a07","Run p20 against b22263e (run_all.sh step 4)","p20 D1-D5 PASS on b22263e"
"RA-005","INFO","OPEN (audit-coverage gap)","c8dfafd §13.2 emission steps 3-4, D5, F-40, INV-01..04","37b86fb attacks/a02_a03_crash_matrix.py invalidation_cases() (C14-C16 recover by re-calling emit_invalidation)","read invalidation_cases(); compare with probes/p22_invalidation_selfheal.py","a restarted runtime makes a durably recorded invalidation effective without an operator re-issue (or proves that no decision can be taken before it does)","convergence was tested only through an operator re-issue","If resume() does not complete a recorded invalidation, the invalidated price stays the usable head after a crash although invalidations.jsonl records it invalid","Run p22 against b22263e","p22 I1-I5 PASS; I6 PASS or a demonstrated decision-runner ordering"
"RA-006","INFO","OPEN (audit-coverage gap + authority clarification)","c8dfafd §14.4 ('A completed row with raw evidence but no normalized row resumes normalization'), §11.1 (status/skew/content-type checks follow the completed row), F-06..F-13","37b86fb crash matrix uses only a good 200 response; a08 probes the pure parser only","probes/p21_rejected_restart.py: each rejection (503, 401, 429, 302, text/html, skewed Date, TRUNCATED) carries a VALID odds body; crash after acq_completed; restart; resume","resume re-enters §11.1 after 'completed' (status, skew, content-type re-applied); a rejected response never yields a normalized document or PIT record","never attacked by the origin-hosted package","A resume path that calls the parser directly on retained raw bytes would turn a REJECTED response into usable OPEN books (the controlling 'rejected evidence usable after restart' class)","Run p21. Recommend an authority clarification that resume re-enters the flow at the step after 'completed', never at the parser.","p21 R1-R4 PASS for every rejection class at both crash points"
"RA-007","INFO","OPEN (classification disagreement with 37b86fb deviation 10)","c8dfafd §12.4 (ABSENT only after a COMPLETE response), F-15 (partial: no ABSENT tombstones), F-30, §12.2 rules 5-6 (tombstones block older prices and never expire)","cfcff3d: complete_hint always True (37b86fb DEVIATION_REVIEW item 10); b22263e unverified","probes/p24_tournament_omission.py T1 (omit a requested tournament) and T2 (one declared bookmaker missing from one event of a complete response)","an omitted requested tournament yields no ABSENT tombstone; a genuinely absent book in a complete response still yields an ABSENT head","37b86fb classified the false-ABSENT direction 'safe'. It is usability-safe but not evidence-safe: a tombstone is a permanent false PIT claim. The opposite over-correction is usability-unsafe.","If false ABSENT: permanent false market-pulled history (evidence integrity). If no genuine ABSENT: a pulled market's older OPEN price stays usable until its TTL (§12.2 rule 5 violated).","Run p24 both directions; record the completeness rule actually implemented","p24 T1 and T2 PASS"
"RA-008","INFO","OPEN (audit-coverage gap, Windows)","c8dfafd §7.5 (outside the repository worktree and outside GENESIS_ADAPTER_ROOT)","credential loader path checks (b22263e unverified)","on Windows: credential at \\localhost\C$\<repo>\k.key, 8.3 short name, case-varied path, \\?\ prefix, subst drive, volume mount point, ancestor junction pointing outside","every alias that reaches the repository or runtime root is refused (file-identity comparison, not string prefix)","never attacked (37b86fb a11 covered only a junction into the runtime root and a hard link)","A string-prefix check on realpath can miss a UNC admin-share alias of a file inside the worktree","Add the aliasing cases to the privileged Windows run (SYMLINK_GAP_ASSESSMENT §4.3)","all aliasing cases refused"
"RA-009","INFO","OPEN (method)","c8dfafd §14.6 rule 3, FRZ-10; test-quality standard for certification","implementer mutation campaign (claim: R3 timeout rerun 'killed in 91 s'); reaudit/mutate_sites.py","python -B reaudit/selftest/selftest_mutate_sites.py (evidence/selftest_mutate_sites.txt: D011 deadline-style >= -> > on a stalled clock = TIMEOUT, not an assertion failure)","a mutant on a time/deadline/guard/sleep site counts as killed only by a named failing assertion","the claim counts a timeout rerun as a kill; failing-test evidence not available","A deadline-equality defect can survive a campaign that scores hangs as kills","Re-run the remediation-diff mutants with assertion-based kill accounting (MUTATION_REVIEW §3-§4)","mutate_sites.py on cfcff3d..b22263e: every MUTATION_REVIEW §4 mutant KILLED; no unexplained TIMEOUT or SURVIVED"
"RA-010","INFO","OPEN (human)","c8dfafd §16.1 (G0: ADR-A001 ACCEPTED before Stage 0)","adapters/DECISIONS/ (not reachable: no adapters/ tree on any origin commit)","git ls-tree on every origin ref -> no adapters/ tree","a human-written ADR-A001 accepting c8dfafd","unverifiable here; absent at cfcff3d (37b86fb HA-017)","Stages 0-7 and the remediation have no recorded G0 acceptance","The human owner writes ADR-A001 (the implementer must not)","n/a"
