"ID","severity","status","architecture_citation","code_location","reproduction","expected","actual","consequence","deterministic","minimal_remediation","regression_test"
"HA-000","INFO (was BLOCKER)","CLOSED for this audit; procedural push still OPEN","c8dfafd §11.5 ('a failure never passes by omission'); §16.5 AC-9","branch v05-slice1-impl @ cfcff3dbb285eaa48a6cfc1eceedb91e27662c81 (local only, C:\Users\abbot\fz\g)","git fetch origin cfcff3d... -> 'not our ref' (2026-09-29 and 2026-09-30); git clone --no-hardlinks C:\Users\abbot\fz\g cand; git -C cand checkout --detach cfcff3d...; git fsck clean","candidate reachable by every auditor","reachable only on the host holding the branch; this audit obtained and verified it by commit SHA (TEST_RESULTS §0)","a second auditor cannot reproduce without the push; no effect on this verdict","yes","human owner: git -C C:\Users\abbot\fz\g push -u origin v05-slice1-impl","oracle_frozen_identity.py --commit cfcff3d --stages 63e06a1,...,cfcff3d exits 0 from a fresh origin clone"
"HA-001","HIGH (frozen fact) / none on candidate","CLOSED","c8dfafd §14.4, §7.3, §15 F-35; A-2 doctrine","acquisition.py:538-545 (known attempt answered DUPLICATE/REFUSED before any reserve), :789-813 (reconcile never calls request()); frozen quota.py:1041-1050","python -B attacks/a02_a03_crash_matrix.py --repo <cand> (C01-C08)","restart never calls QuotaLedger.request() for a known attempt; orphan reconciled; retry = attempt+1 with a fresh debit","0 sends and 0 QuotaGate.reserve calls after restart at every pre-completion checkpoint; ledger rows for the ID unchanged; attempt+1 sends once with its own debit. Residual INFO: QuotaGate.reserve itself re-answers an identical fingerprint allowed (frozen Q-A) - protection lives in the acquisition ledger only","none on the normal paths; an acquisition ledger restored from an older backup while the quota ledger is newer would remove the guard (defence in depth only)","yes","none required; optional: QuotaGate.reserve refuses a request_id that find_request() already knows","crash matrix C02-C08 (sends == 0, reserve_calls == 0); mutant M01 must be killed by test_v05_acquisition/test_v05_emit_crash"
"HA-002","MEDIUM (authority gap)","CLOSED","c8dfafd §6.2, §12.2 rules 4-6, §12.3 steps 4/6/7","reader.py:179-180 and :197-213 (_newer_capture_exists -> Unusable(STALE))","python -B attacks/a04_a05_reader_parity.py --repo <cand> --expected oracle_out_win_cfcff3d/EXPECTED_PIT_HEADS.json","older OPEN never served after a newer capture expired first (adapter-only refusal allowed by §12.3)","S4 in [valid_to_new, valid_to_old): frozen verify_for_pack accepts OLD at all 3 cutoffs; reader returns Unusable(STALE) at all 3; no other divergence in 135 cutoffs","none","yes","none (documented as deviation 8)","a04 S4 check; mutant M02 must be killed by test_v05_reader"
"HA-003","LOW","CLOSED","c8dfafd §18 Q-03, §14.1","adapter_tests/test_v05_quota_gate.py:50-69","read the test","Q-03 reaches 220 with a declared test policy or FIXED_WEIGHT and blocks the 221st with normal_monthly_budget_exhausted","test uses test_quota_policy(daily=250) visibly, asserts 220 allowed, 221st blocked normal_monthly_budget_exhausted, usage == 220","none (not tautological)","yes","none","as is"
"HA-004","MEDIUM","OPEN (certification gap; needs one privileged Windows run)","c8dfafd §7.5, §16.2 G1 prerequisite 'GREEN secret-handling suite'","credential.py:72-88 (lstat S_ISLNK refusal)","python -B attacks/a11_windows_credential.py --repo <cand> on an account with SeCreateSymbolicLinkPrivilege or Developer Mode","a real file symbolic link is refused before the key is read","os.symlink -> OSError winerror=1314 on this account: NOT RUN. Junction resolving into the runtime root, second hard-link name, real ACLs: all refused (a11)","the symlink branch of a security boundary is certified by a simulated lstat only","yes","none in code; one privileged run recorded under adapters/evidence/","a11 'real file symbolic link -> refused' PASS on a privileged account"
"HA-005","MEDIUM","CLOSED (fail-closed); residual INFO","c8dfafd §7.5, §15 F-04","credential.py:36-55, :82-84 (principal-name set must equal {whoami})","python -B attacks/a11_windows_credential.py --repo <cand>","any unrecognised, localized, inherited, DENY or extra principal refuses","real NTFS: Everyone, BUILTIN\Users by SID, DENY ACE, inheritance -> refused; synthetic de-DE/fr-FR/SID/DENY/unknown/empty outputs -> refused; only-user + localized summary -> loaded","false refusals possible on exotic name encodings (safe direction)","yes","optional: compare SIDs from icacls /save SDDL (REMEDIATION_HANDOFF R5)","a11 parser table"
"HA-006","LOW","CONFIRMED","c8dfafd §7.6 (system trust store), §19 S7 (CA injected for tests), §16.2 / RUNBOOK X4","adapters/adapter_tests/fixtures/tls/server.key; adapters/.gitattributes (no export-ignore); cli.py:264-270, :341-342 (--connect/--ca-file in the production run command)","python -B attacks/a12_tls_ca.py --repo <cand> --commit cfcff3d","key unreachable from live paths and not shipped; live transport trusts only the system store","key matches a certificate for api.oddspapi.io under the committed test CA; ships in git archive (export-ignore unspecified); cmd_run passes tls_context(args.ca_file) to HttpsTransport, accepted with a loopback --connect","scanner noise; an operator tricked into --connect 127.0.0.1:<port> --ca-file test-ca.pem sends the real key to a local listener that holds the committed key","yes","export-ignore; remove --connect/--ca-file from the production CLI (test-only entry point); scanner allowlist or generated key (REMEDIATION_HANDOFF R2)","a12 K2 and K3 PASS; test_v05_cli refuses --ca-file"
"HA-007","INFO","ASSESSED (F44_ASSESSMENT.md)","c8dfafd §11.1, §14.2, §14.4, §15 D13/F-32/F-35","raw_capture.py:230-238, acquisition.py:680-692","crash matrix C07a, C07b, C08a","no resend, debit stands, reconcile, no secret bytes","as expected; diagnostic loss (T1, status, headers, usage header) and ORPHANED label; no durable halt on OSError","diagnostic only","yes","later ADR: RAW_PUBLISH_FAILED (F44_ASSESSMENT §5)","F44_ASSESSMENT §5 test list"
"HA-008","INFO","CLOSED","c8dfafd §6.1, §6.3, §6.4, §13.2 step 2, FRZ-10","transport_http.py:112-128, :237; acquisition.py:671-676","python -B attacks/a07_transport_time.py","bounded re-read, no literal sleep, T1 after the last byte, ClockFault/halt beyond","stuck clock returned as read after ~0.3 s budget; 16 ms clock -> T1 > T0; stuck wall -> ClockFault WALL_CLOCK_JUMP; T1 == T0 -> runner halts CLOCK_FAULT, no RESPONSE row","none","yes","none","a07 HA-008 checks; mutant M16"
"HA-009","INFO","CLOSED","c8dfafd §15 F-03","acquisition.py:603-604","read; mutant M14","quota_event_time_regressed -> halt","mapped to AcquisitionHalt(CLOCK_FAULT) after recording quota_decided","none","yes","none","test_q07; mutant M14"
"HA-010","INFO","CONFIRMED (platform fact)","c8dfafd §18 FRZ-04, §21 A11","tests/ (frozen)","python -m unittest discover -s tests -t . at cfcff3d on Windows","per-platform baseline","Windows cfcff3d: 493 / skipped=1 (1414 s); Linux c8dfafd: 493 / skipped=19","none","yes","none","none"
"HA-011","MEDIUM (authority ambiguity)","CLOSED (behaviour pinned: reuse); residual INFO","c8dfafd §6.2 (T3 shared by the response), §11.4, §14.4, §15 F-33","emit.py:223-244 (append_pit_once compares every field except ready_at); adapter_tests/test_v05_emit_crash.py:71-106","crash matrix C11a-C11d","one pinned behaviour with a test","reuse: a crash after the 1st/middle PIT append resumes to NORMALIZED with the baseline history; the response then carries 2 distinct ready_at values; the normalized row's T3 equals only the resumed records (C11d: none of them)","none for safety; acq_normalized.T3 is not the T3 of reused records (diagnostic)","yes","optional ADR recording the reuse reading; optionally record per-record T3 in the normalized row","test_v05_emit_crash (every checkpoint); mutant M06"
"HA-012","LOW","CLOSED","c8dfafd §12.4, §16.4, §16.5 AC-4","scope.py:76-114 (log scan with admissible_at; no capability check); pipeline.py:118-123","python -B attacks/a10_immutability.py (HA-012 check)","ABSENT tombstones while the source is not READY","complete response lacking a declared bookmaker -> 4 ABSENT tombstones with 0 capability rows","none","yes","none (deviation 9)","a10 HA-012; mutant M10"
"HA-013","MEDIUM","CONFIRMED (new)","c8dfafd §16.5 ('recorded_at=now'), §16.2 ('granted_at (trusted clock)'), §16.4 (G2R source registered UNKNOWN), §13.1/§13.2 (earlier as-of unchanged)","cli.py:167-200 (approve-ready: READY recorded_at=iso_utc(args.at)); cli.py:148-164 + authority.py:91-107 (granted_at taken from the record file); no runtime call registers UNKNOWN (capability.register_downgrade only used for BLOCKED)","python -B attacks/a13_ready_backdate.py --repo <cand>","READY and gate times from the trusted clock at the approval; the capability timeline anchored by a G2R UNKNOWN row; no cutoff before the approval can become READY","no capability row after capture; G3 granted_at 2000-01-01 stored; READY recorded_at 2000-01-01; reader returns UsableBook at 12:00:01 although the approval happened at 12:30:00","an operator typo or a deliberate back-date rewrites the capability timeline: historical replays and manifests at past cutoffs become usable retroactively (PIT integrity of the READY gate); undocumented deviation","yes","approve/approve-ready stamp from SystemUtcClock; drop --at; register UNKNOWN at G2R start (REMEDIATION_HANDOFF R1)","a13 checks 1-4 PASS; new test_v05_authority case"
"HA-014","LOW","CONFIRMED (new)","c8dfafd §7.6 ('a human must rotate the key (re-G1)'), §14.3 (401/403: G1 re-check), F-08/F-11","cli.py:293-313 (cmd_reset); acquisition.py:361-379 (acq_operator_reset clears every earlier halt/circuit)","python -B attacks/a13_ready_backdate.py (last check)","after SECRET_ECHO / AUTH_REJECTED, sends stay halted until a newer G1 with a different fingerprint exists","reset (interactive, approval_reference) cleared a SECRET_ECHO halt with no G1 record at all; the old G1 and key would pass LiveGate again","an echoed key can be reused after an operator reset without rotation (operator error path)","yes","cmd_reset requires a newer G1 with a different credential_fingerprint for SECRET_ECHO/AUTH_REJECTED halts (REMEDIATION_HANDOFF R3)","a13 last check PASS"
"HA-015","LOW","CONFIRMED (new)","c8dfafd §16.3 (<= 5 requests, <= 72 h), §16.4 (<= 35 days, plan_digest), §16.6","authority.py:43-63 (limits read from an unpinned file); config.py:26-32 (not in CONFIG_FILES/F-31); cli.py:54-55 (--config selects any directory); authority.py:218-219 (G2R plan_digest never compared)","python -B attacks/a14_gate_limits.py --repo <cand>: a copy of adapters/config with g2_window_hours 10000 and g2_requests_cap 500 makes validate_record accept a G2 record for 50 requests over 1000 hours; no pinned config digest changes","design constants cannot change without a pinned, reviewed change","silently widened by an edited or operator-selected config directory; G2R plan not bound to its record","weakens the G2/G2R bounds without an audit trail (human records still required)","yes","pin the limits file's SHA-256 in code; optionally compare G2R plan_digest (REMEDIATION_HANDOFF R4)","edited limits file refused"
"HA-016","INFO","REVIEWED (oracle harness, not candidate)","n/a","oracle_provenance_crlf.py P-1/P-5; oracle_static_scan.py X-05/X-11","see TEST_RESULTS §1, §3","n/a","P-1 key-layout assumption; P-5/X-11 token heuristics hit non-hashing splitlines; X-05 counts empty exception subclasses of RegistryConflict","none; the oracle was not modified; a01 applies the P-1 criterion to the real layout (PASS)","yes","next oracle revision: read 'entries' with the src/ prefix; restrict P-5/X-11 to hashed reads; X-05 to authority classes","a01 P-1"
"HA-017","INFO","OPEN (human)","c8dfafd §16.1 (G0: ADR-A001 before Stage 0)","adapters/DECISIONS/ (README only)","ls adapters/DECISIONS","ADR-A001 ACCEPTED record exists","absent (the implementer correctly did not write it)","Stages 0-7 have no recorded G0 acceptance in the repository","yes","human owner writes ADR-A001","n/a"
